review,label
This movie is a triumph in every sense. Highly recommended for everyone.,Positive
I have never been so bored in my life. The score was frankly cringe-worthy. Avoid this at all costs.,Negative
I was completely blown away by this film. The lead actor delivered a refreshing performance. I will be thinking about this for days.,Positive
The trailer was better than the movie. The acting was frankly tedious. A complete misfire.,Negative
It perfectly balances humor and drama. I was hooked from the very first minute.,Positive
I have never been so bored in my life. Nothing about the opening scene worked. A complete misfire.,Negative
Nothing about the acting worked. What a complete waste of potential.,Negative
I am confused about how I feel. It left me puzzled.,Neutral
Total garbage. Zero stars if I could give it.,Negative
I didn't expect to enjoy this as much as I did. I particularly loved how the cinematography was handled. Don't miss this one.,Positive
I am confused about how I feel. Your mileage may vary significantly.,Neutral
I have mixed feelings about this one. You won't remember it a week from now.,Neutral
I didn't expect to enjoy this as much as I did. It perfectly balances humor and drama. Do yourself a favor and go see this.,Positive
The visual effects were superb and added so much depth. This movie is a triumph in every sense.,Positive
I have never been so bored in my life. Utterly disappointing.,Negative
A refreshing take on a tired genre. Don't miss this one.,Positive
What a complete waste of potential. It’s a hard pass from me.,Negative
This might be the worst thing I've seen all year. The plot holes were glaring and the cinematography was pretentious. Avoid this at all costs.,Negative
It perfectly balances humor and drama. This movie is a triumph in every sense.,Positive
A frustrating experience. Avoid this at all costs.,Negative
I am confused about how I feel. A polarizing experience for sure.,Neutral
This movie is a triumph in every sense. The visual effects were refreshing and added so much depth. A definitive 10/10.,Positive
It felt like a rough draft that was never edited. I struggled to sit through the first half.,Negative
An absolute joy to watch from start to finish. Two thumbs way up.,Positive
I oscillated between loving and hating this film. It’s definitely not for everyone.,Neutral
I was completely blown away by this film. Don't miss this one.,Positive
Total garbage. A complete misfire.,Negative
An absolute train wreck of a movie. I couldn't get past the tedious score. Zero stars if I could give it.,Negative
Standard fare for this type of movie. Wait for it to come out on streaming.,Neutral
I have never been so bored in my life. Do not bother.,Negative
It doesn't leave a lasting impression. It serves its purpose as popcorn filler.,Neutral
Standard fare for this type of movie. It doesn't leave a lasting impression. 6/10 at best.,Neutral
The soundtrack was frankly disjointed. Total garbage.,Negative
The direction was frankly uninspired. I want my two hours back.,Negative
It perfectly balances humor and drama. I was completely blown away by this film.,Positive
A cinematic masterpiece. The visual effects were superb and added so much depth. Do yourself a favor and go see this.,Positive
I didn't expect to enjoy this as much as I did. Highly recommended for everyone.,Positive
Standard fare for this type of movie. Good for a one-time watch.,Neutral
The plot holes were glaring and the direction was lifeless. What a complete waste of potential.,Negative
A strange experience overall. A polarizing experience for sure.,Neutral
I have mixed feelings about this one. 6/10 at best.,Neutral
I struggled to sit through the first half. A complete misfire.,Negative
An absolute joy to watch from start to finish. Highly recommended for everyone.,Positive
A frustrating experience. Zero stars if I could give it.,Negative
An absolute train wreck of a movie. Nothing about the opening scene worked. I wouldn't recommend this to my worst enemy.,Negative
An absolute train wreck of a movie. The dialogue distracted me from everything else. Zero stars if I could give it.,Negative
This movie is a triumph in every sense. The lead actor delivered a memorable performance. Don't miss this one.,Positive
A cinematic masterpiece. The lead actor delivered a gripping performance. I will be thinking about this for days.,Positive
I was hooked from the very first minute. It managed to be vibrant without trying too hard. I can't wait to see it again.,Positive
It doesn't leave a lasting impression. Middle of the road entertainment.,Neutral
I was hooked from the very first minute. I can't wait to see it again.,Positive
